id,severity,patch_available,description
CVE-2024-0003,HIGH,0,A condition exists in FlashArray Purity whereby a malicious user could use a remote administrative service to create an account on the array allowing privileged access.
CVE-2024-0004,HIGH,0,A condition exists in FlashArray Purity whereby an user with array admin role can execute arbitrary commands remotely to escalate privilege on the array.
CVE-2024-0005,HIGH,0,A condition exists in FlashArray and FlashBlade Purity whereby a malicious user could execute arbitrary commands remotely through a specifically crafted SNMP configuration.
CVE-2024-0008,HIGH,0,"Web sessions in the management interface in Palo Alto Networks PAN-OS software do not expire in certain situations, making it susceptible to unauthorized access."
CVE-2024-0014,HIGH,0,"In startInstall of UpdateFetcher.java, there is a possible way to trigger a malicious config update due to a logic error. This could lead to local escalation of privilege with no additional execution privileges needed. User interaction is not needed for exploitation."
CVE-2024-0015,HIGH,0,"In convertToComponentName of DreamService.java, there is a possible way to launch arbitrary protected activities due to intent redirection. This could lead to local escalation of privilege with User execution privileges needed. User interaction is not needed for exploitation."
CVE-2024-0018,HIGH,0,"In convertYUV420Planar16ToY410 of ColorConverter.cpp, there is a possible out of bounds write due to a heap buffer overflow. This could lead to local escalation of privilege with no additional execution privileges needed. User interaction is not needed for exploitation."
CVE-2024-0021,HIGH,0,"In onCreate of NotificationAccessConfirmationActivity.java, there is a possible way for an app in the work profile to enable notification listener services due to a logic error in the code. This could lead to local escalation of privilege with no additional execution privileges needed. User interaction is needed for exploitation."
CVE-2024-0023,HIGH,0,"In ConvertRGBToPlanarYUV of Codec2BufferUtils.cpp, there is a possible out of bounds write due to an incorrect bounds check. This could lead to local escalation of privilege with no additional execution privileges needed. User interaction is not needed for exploitation."
CVE-2024-0024,HIGH,0,"In multiple methods of UserManagerService.java, there is a possible failure to persist or enforce user restrictions due to improper input validation. This could lead to local escalation of privilege with no additional execution privileges needed. User interaction is needed for exploitation."
CVE-2024-0025,HIGH,0,"In sendIntentSender of ActivityManagerService.java, there is a possible background activity launch due to a logic error. This could lead to local escalation of privilege with no additional execution privileges needed. User interaction is not needed for exploitation."
CVE-2024-0029,HIGH,0,"In multiple files, there is a possible way to capture the device screen when disallowed by device policy due to a logic error in the code. This could lead to local escalation of privilege with no additional execution privileges needed. User interaction is not needed for exploitation."
CVE-2024-0033,HIGH,0,"In multiple functions of ashmem-dev.cpp, there is a possible missing seal due to a heap buffer overflow. This could lead to local escalation of privilege with no additional execution privileges needed. User interaction is not needed for exploitation."
CVE-2024-0034,HIGH,0,"In BackgroundLaunchProcessController, there is a possible way to launch arbitrary activity from the background due to BAL Bypass. This could lead to local escalation of privilege with no additional execution privileges needed. User interaction is not needed for exploitation."
CVE-2024-0035,HIGH,0,"In onNullBinding of TileLifecycleManager.java, there is a possible way to launch an activity from the background due to a missing null check. This could lead to local escalation of privilege with no additional execution privileges needed. User interaction is not needed for exploitation."
CVE-2024-0036,HIGH,0,"In startNextMatchingActivity of ActivityTaskManagerService.java, there is a possible way to bypass the restrictions on starting activities from the background due to a logic error in the code. This could lead to local escalation of privilege with no additional execution privileges needed. User interaction is not needed for exploitation."
CVE-2024-0038,HIGH,0,"In injectInputEventToInputFilter of AccessibilityManagerService.java, there is a possible arbitrary input event injection due to a missing permission check. This could lead to local escalation of privilege with no additional execution privileges needed. User interaction is not needed for exploitation."
CVE-2024-0040,HIGH,0,"In setParameter of MtpPacket.cpp, there is a possible out of bounds read due to a heap buffer overflow. This could lead to remote information disclosure with no additional execution privileges needed. User interaction is not needed for exploitation."
CVE-2024-0041,HIGH,0,"In removePersistentDot of SystemStatusAnimationSchedulerImpl.kt, there is a possible race condition due to a logic error in the code. This could lead to local escalation of privilege that fails to remove the persistent dot with no additional execution privileges needed. User interaction is not needed for exploitation."
CVE-2024-0042,HIGH,0,"In TBD of TBD, there is a possible confusion of OEM and DRM certificates due to improperly used crypto. This could lead to local bypass of DRM content protection with no additional execution privileges needed. User interaction is not needed for exploitation."
CVE-2024-0043,HIGH,0,"In multiple locations, there is a possible notification listener grant to an app running in the work profile due to a logic error in the code. This could lead to local escalation of privilege with no additional execution privileges needed. User interaction is needed for exploitation."
CVE-2024-0046,HIGH,0,"In installExistingPackageAsUser of InstallPackageHelper.java, there is a possible carrier restriction bypass due to a logic error in the code. This could lead to local escalation of privilege with no additional execution privileges needed. User interaction is not needed for exploitation."
CVE-2024-0048,HIGH,0,"In Session of AccountManagerService.java, there is a possible method to retain foreground service privileges due to incorrect handling of null responses. This could lead to local escalation of privilege with no additional execution privileges needed. User interaction is not needed for exploitation."
CVE-2024-0049,HIGH,0,"In multiple locations, there is a possible out of bounds write due to a heap buffer overflow. This could lead to local escalation of privilege with no additional execution privileges needed. User  interaction is not needed for exploitation."
CVE-2024-0050,HIGH,0,"In getConfig of SoftVideoDecoderOMXComponent.cpp, there is a possible out of bounds write due to a missing validation check. This could lead to a local non-security issue with no additional execution privileges needed. User interaction is not needed for exploitation."
CVE-2024-0051,HIGH,0,"In onQueueFilled of SoftMPEG4.cpp, there is a possible out of bounds write due to a heap buffer overflow. This could lead to local escalation of privilege with no additional execution privileges needed. User interaction is not needed for exploitation."
CVE-2024-0068,HIGH,0,"Improper Link Resolution Before File Access ('Link Following') vulnerability in HYPR Workforce Access on MacOS allows File Manipulation.This issue affects Workforce Access: before 8.7.1.

"
CVE-2024-0084,HIGH,0,"NVIDIA vGPU software for Linux contains a vulnerability in the Virtual GPU Manager, where the guest OS could execute privileged operations. A successful exploit of this vulnerability might lead to information disclosure, data tampering, escalation of privileges, and denial of service."
CVE-2024-0085,HIGH,0,"NVIDIA vGPU software for Windows and Linux contains a vulnerability where unprivileged users could execute privileged operations on the host. A successful exploit of this vulnerability might lead to data tampering, escalation of privileges, and denial of service."
CVE-2024-0089,HIGH,0,"NVIDIA GPU Display Driver for Windows contains a vulnerability where the information from a previous client or another process could be disclosed. A successful exploit of this vulnerability might lead to code execution, information disclosure, or data tampering."
CVE-2024-0090,HIGH,0,"NVIDIA GPU driver for Windows and Linux contains a vulnerability where a user can cause an out-of-bounds write. A successful exploit of this vulnerability might lead to code execution, denial of service, escalation of privileges, information disclosure, and data tampering."
CVE-2024-0091,HIGH,0,"NVIDIA GPU Display Driver for Windows and Linux contains a vulnerability where a user can cause an untrusted pointer dereference by executing a driver API. A successful exploit of this vulnerability might lead to denial of service, information disclosure, and data tampering."
CVE-2024-0101,HIGH,0,"NVIDIA Mellanox OS, ONYX, Skyway, MetroX-2 and MetroX-3 XC contain a vulnerability in ipfilter, where improper ipfilter definitions could enable an attacker to cause a failure by attacking the switch. A successful exploit of this vulnerability might lead to denial of service."
CVE-2024-0104,HIGH,0,"NVIDIA Mellanox OS, ONYX, Skyway, MetroX-2 and MetroX-3 XC contain a vulnerability in the LDAP AAA component, where a user can cause improper access. A successful exploit of this vulnerability might lead to information disclosure, data tampering, and escalation of privileges."
CVE-2024-0107,HIGH,0,"NVIDIA GPU Display Driver for Windows contains a vulnerability in the user mode layer, where an unprivileged regular user can cause an out-of-bounds read. A successful exploit of this vulnerability might lead to code execution, denial of service, escalation of privileges, information disclosure, and data tampering."
CVE-2024-0108,HIGH,0,"NVIDIA Jetson Linux contains a vulnerability in NvGPU where error handling paths in GPU MMU mapping code fail to clean up a failed mapping attempt. A successful exploit of this vulnerability may lead to denial of service, code execution, and escalation of privileges."
CVE-2024-0110,HIGH,0,NVIDIA CUDA Toolkit contains a vulnerability in command `cuobjdump` where a user may cause an out-of-bound write by passing in a malformed ELF file. A successful exploit of this vulnerability may lead to code execution or denial of service.
CVE-2024-0113,HIGH,0,"NVIDIA Mellanox OS, ONYX, Skyway, and MetroX-3 XCC contain a vulnerability in the web support, where an attacker can cause a CGI path traversal by a specially crafted URI. A successful exploit of this vulnerability might lead to escalation of privileges and information disclosure."
CVE-2024-0129,HIGH,0,NVIDIA NeMo contains a vulnerability in SaveRestoreConnector where a user may cause a path traversal issue via an unsafe .tar file extraction. A successful exploit of this vulnerability may lead to code execution and data tampering.
CVE-2024-0132,HIGH,0,"NVIDIA Container Toolkit 1.16.1 or earlier contains a Time-of-check Time-of-Use (TOCTOU) vulnerability when used with default configuration where a specifically crafted container image may gain access to the host file system. This does not impact use cases where CDI is used. A successful exploit of this vulnerability may lead to code execution, denial of service, escalation of privileges, information disclosure, and data tampering."
CVE-2024-0155,HIGH,0,"Dell Digital Delivery, versions prior to 5.2.0.0, contain a Use After Free Vulnerability. A local low privileged attacker could potentially exploit this vulnerability, leading to application crash or execution of arbitrary code."
CVE-2024-0156,HIGH,0,"Dell Digital Delivery, versions prior to 5.2.0.0, contain a Buffer Overflow Vulnerability. A local low privileged attacker could potentially exploit this vulnerability, leading to arbitrary code execution and/or privilege escalation."
CVE-2024-0161,HIGH,0,Dell PowerEdge Server BIOS and Dell Precision Rack BIOS contain an Improper SMM communication buffer verification vulnerability. A local low privileged attacker could potentially exploit this vulnerability leading to arbitrary writes to SMRAM.
CVE-2024-0162,HIGH,0,Dell PowerEdge Server BIOS and Dell Precision Rack BIOS contain an Improper SMM communication buffer verification vulnerability. A local low privileged attacker could potentially exploit this vulnerability leading to out-of-bound read/writes to SMRAM.
CVE-2024-0164,HIGH,0,"
Dell Unity, versions prior to 5.4, contain an OS Command Injection Vulnerability in its svc_topstats utility. An authenticated attacker could potentially exploit this vulnerability, leading to the execution of arbitrary commands with elevated privileges.

"
CVE-2024-0165,HIGH,0,"
Dell Unity, versions prior to 5.4, contains an OS Command Injection Vulnerability in its svc_acldb_dump utility. An authenticated attacker could potentially exploit this vulnerability, leading to execution of arbitrary operating system commands with root privileges.

"
CVE-2024-0166,HIGH,0,"
Dell Unity, versions prior to 5.4, contains an OS Command Injection Vulnerability in its svc_tcpdump utility. An authenticated attacker could potentially exploit this vulnerability, leading to the execution of arbitrary OS commands with elevated privileges.

"
CVE-2024-0167,HIGH,0,"
Dell Unity, versions prior to 5.4, contains an OS Command Injection Vulnerability in the svc_topstats utility. An authenticated attacker could potentially exploit this vulnerability, leading to the ability to overwrite arbitrary files on the file system with root privileges.

"
CVE-2024-0168,HIGH,0,"
Dell Unity, versions prior to 5.4, contains a Command Injection Vulnerability in svc_oscheck utility. An authenticated attacker could potentially exploit this vulnerability, leading to the ability to inject arbitrary operating system commands. This vulnerability allows an authenticated attacker to execute commands with root privileges.

"
CVE-2024-0170,HIGH,0,"
Dell Unity, versions prior to 5.4, contains an OS Command Injection Vulnerability in its svc_cava utility. An authenticated attacker could potentially exploit this vulnerability, escaping the restricted shell and execute arbitrary operating system commands with root privileges.

"
CVE-2024-0172,HIGH,0,"Dell PowerEdge Server BIOS and Dell Precision Rack BIOS contain an improper privilege management security vulnerability. An unauthenticated local attacker could potentially exploit this vulnerability, leading to privilege escalation."
CVE-2024-0185,HIGH,0,A vulnerability was found in RRJ Nueva Ecija Engineer Online Portal 1.0. It has been rated as critical. This issue affects some unknown processing of the file dasboard_teacher.php of the component Avatar Handler. The manipulation leads to unrestricted upload. The attack may be initiated remotely. The exploit has been disclosed to the public and may be used. The associated identifier of this vulnerability is VDB-249443.
CVE-2024-0186,HIGH,0,A vulnerability classified as problematic has been found in HuiRan Host Reseller System up to 2.0.0. Affected is an unknown function of the file /user/index/findpass?do=4 of the component HTTP POST Request Handler. The manipulation leads to weak password recovery. It is possible to launch the attack remotely. The complexity of an attack is rather high. The exploitability is told to be difficult. The exploit has been disclosed to the public and may be used. The identifier of this vulnerability is VDB-249444.
CVE-2024-0188,HIGH,0,"A vulnerability, which was classified as problematic, was found in RRJ Nueva Ecija Engineer Online Portal 1.0. This affects an unknown part of the file change_password_teacher.php. The manipulation leads to weak password requirements. It is possible to initiate the attack remotely. The complexity of an attack is rather high. The exploitability is told to be difficult. The exploit has been disclosed to the public and may be used. The identifier VDB-249501 was assigned to this vulnerability."
CVE-2024-0196,HIGH,0,A vulnerability has been found in Magic-Api up to 2.0.1 and classified as critical. Affected by this vulnerability is an unknown functionality of the file /resource/file/api/save?auto=1. The manipulation leads to code injection. The attack can be launched remotely. The exploit has been disclosed to the public and may be used. The associated identifier of this vulnerability is VDB-249511.
CVE-2024-0197,HIGH,0,"A flaw in the installer for Thales SafeNet Sentinel HASP LDK prior to 9.16 on Windows allows an attacker to escalate their privilege level via local access.

"
CVE-2024-0199,HIGH,0,"An authorization bypass vulnerability was discovered in GitLab affecting versions 11.3 prior to 16.7.7, 16.7.6 prior to 16.8.4, and 16.8.3 prior to 16.9.2. An attacker could bypass CODEOWNERS by utilizing a crafted payload in an old feature branch to perform malicious actions."
CVE-2024-0206,HIGH,0,"
A symbolic link manipulation vulnerability in Trellix Anti-Malware Engine prior to the January 2024 release allows an authenticated local user to potentially gain an escalation of privileges. This was achieved by adding an entry to the registry under the Trellix ENS registry folder with a symbolic link to files that the user wouldn't normally have permission to. After a scan, the Engine would follow the links and remove the files

"
CVE-2024-0207,HIGH,0,HTTP3 dissector crash in Wireshark 4.2.0 allows denial of service via packet injection or crafted capture file
CVE-2024-0208,HIGH,0,"GVCP dissector crash in Wireshark 4.2.0, 4.0.0 to 4.0.11, and 3.6.0 to 3.6.19 allows denial of service via packet injection or crafted capture file"
CVE-2024-0209,HIGH,0,"IEEE 1609.2 dissector crash in Wireshark 4.2.0, 4.0.0 to 4.0.11, and 3.6.0 to 3.6.19 allows denial of service via packet injection or crafted capture file"
CVE-2024-0210,HIGH,0,Zigbee TLV dissector crash in Wireshark 4.2.0 allows denial of service via packet injection or crafted capture file
CVE-2024-0211,HIGH,0,DOCSIS dissector crash in Wireshark 4.2.0 allows denial of service via packet injection or crafted capture file
CVE-2024-0213,HIGH,0,"
A buffer overflow vulnerability in TA for Linux and TA for MacOS prior to 5.8.1 allows a local user to gain elevated permissions, or cause a Denial of Service (DoS), through exploiting a memory corruption issue in the TA service, which runs as root. This may also result in the disabling of event reporting to ePO, caused by failure to validate input from the file correctly. 

"
CVE-2024-0219,HIGH,0,"In Telerik JustDecompile versions prior to 2024 R1, a privilege elevation vulnerability has been identified in the applications installer component.  In an environment where an existing Telerik JustDecompile install is present, a lower privileged user has the ability to manipulate the installation package to elevate their privileges on the underlying operating system."
CVE-2024-0220,HIGH,0,B&R Automation Studio Upgrade Service and B&R Technology Guarding use insufficient cryptography for communication to the upgrade and the licensing servers. A network-based attacker could exploit the vulnerability to execute arbitrary code on the products or sniff sensitive data.
CVE-2024-0221,HIGH,0,"The Photo Gallery by 10Web – Mobile-Friendly Image Gallery plugin for WordPress is vulnerable to Directory Traversal in all versions up to, and including, 1.8.19 via the rename_item function. This makes it possible for authenticated attackers to rename arbitrary files on the server. This can lead to site takeovers if the wp-config.php file of a site can be renamed. By default this can be exploited by administrators only. In the premium version of the plugin, administrators can give gallery management permissions to lower level users, which might make this exploitable by users as low as contributors."
CVE-2024-0222,HIGH,0,Use after free in ANGLE in Google Chrome prior to 120.0.6099.199 allowed a remote attacker who had compromised the renderer process to potentially exploit heap corruption via a crafted HTML page. (Chromium security severity: High)
CVE-2024-0223,HIGH,0,Heap buffer overflow in ANGLE in Google Chrome prior to 120.0.6099.199 allowed a remote attacker to potentially exploit heap corruption via a crafted HTML page. (Chromium security severity: High)
CVE-2024-0224,HIGH,0,Use after free in WebAudio in Google Chrome prior to 120.0.6099.199 allowed a remote attacker to potentially exploit heap corruption via a crafted HTML page. (Chromium security severity: High)
CVE-2024-0225,HIGH,0,Use after free in WebGPU in Google Chrome prior to 120.0.6099.199 allowed a remote attacker to potentially exploit heap corruption via a crafted HTML page. (Chromium security severity: High)
CVE-2024-0229,HIGH,0,"An out-of-bounds memory access flaw was found in the X.Org server. This issue can be triggered when a device frozen by a sync grab is reattached to a different master device. This issue may lead to an application crash, local privilege escalation (if the server runs with extended privileges), or remote code execution in SSH X11 forwarding environments."
CVE-2024-0241,HIGH,0,"encoded_id-rails versions before 1.0.0.beta2 are affected by an uncontrolled resource consumption vulnerability. A remote and unauthenticated attacker might cause a denial of service condition by sending an HTTP request with an extremely long ""id"" parameter.

"
CVE-2024-0243,HIGH,0,"With the following crawler configuration:

```python
from bs4 import BeautifulSoup as Soup

url = ""https://example.com""
loader = RecursiveUrlLoader(
    url=url, max_depth=2, extractor=lambda x: Soup(x, ""html.parser"").text
)
docs = loader.load()
```

An attacker in control of the contents of `https://example.com` could place a malicious HTML file in there with links like ""https://example.completely.different/my_file.html"" and the crawler would proceed to download that file as well even though `prevent_outside=True`.

https://github.com/langchain-ai/langchain/blob/bf0b3cc0b5ade1fb95a5b1b6fa260e99064c2e22/libs/community/langchain_community/document_loaders/recursive_url_loader.py#L51-L51

Resolved in https://github.com/langchain-ai/langchain/pull/15559"
CVE-2024-0252,HIGH,0,ManageEngine ADSelfService Plus versions 6401 and below are vulnerable to the remote code execution due to the improper handling in the load balancer component. Authentication is required in order to exploit this vulnerability.
CVE-2024-0253,HIGH,0,ManageEngine ADAudit Plus versions 7270 and below are vulnerable to the Authenticated SQL injection in home Graph-Data.
CVE-2024-0258,HIGH,0,"The issue was addressed with improved memory handling. This issue is fixed in tvOS 17.4, iOS 17.4 and iPadOS 17.4, macOS Sonoma 14.4, watchOS 10.4. An app may be able to execute arbitrary code out of its sandbox or with certain elevated privileges."
CVE-2024-0259,HIGH,0,"Fortra's Robot Schedule Enterprise Agent for Windows prior to version 3.04 is susceptible to privilege escalation. A low-privileged user can overwrite the service executable. When the service is restarted, the replaced binary runs with local system privileges, allowing a low-privileged user to gain elevated privileges.

"
CVE-2024-0260,HIGH,0,"A vulnerability, which was classified as problematic, was found in SourceCodester Engineers Online Portal 1.0. Affected is an unknown function of the file change_password_teacher.php of the component Password Change. The manipulation leads to session expiration. It is possible to launch the attack remotely. The exploit has been disclosed to the public and may be used. The identifier of this vulnerability is VDB-249816."
CVE-2024-0261,HIGH,0,A vulnerability has been found in Sentex FTPDMIN 0.96 and classified as problematic. Affected by this vulnerability is an unknown functionality of the component RNFR Command Handler. The manipulation leads to denial of service. The attack can be launched remotely. The exploit has been disclosed to the public and may be used. The identifier VDB-249817 was assigned to this vulnerability.
CVE-2024-0263,HIGH,0,A vulnerability was found in ACME Ultra Mini HTTPd 1.21. It has been classified as problematic. This affects an unknown part of the component HTTP GET Request Handler. The manipulation leads to denial of service. It is possible to initiate the attack remotely. The exploit has been disclosed to the public and may be used. It is recommended to apply a patch to fix this issue. The associated identifier of this vulnerability is VDB-249819.
CVE-2024-0265,HIGH,0,A vulnerability was found in SourceCodester Clinic Queuing System 1.0. It has been rated as critical. This issue affects some unknown processing of the file /index.php of the component GET Parameter Handler. The manipulation of the argument page leads to file inclusion. The attack may be initiated remotely. The exploit has been disclosed to the public and may be used. The identifier VDB-249821 was assigned to this vulnerability.
CVE-2024-0269,HIGH,0,ManageEngine ADAudit Plus versions 7270 and below are vulnerable to the Authenticated SQL injection in File-Summary DrillDown. This issue has been fixed and released in version 7271.
CVE-2024-0291,HIGH,0,A vulnerability was found in Totolink LR1200GB 9.1.0u.6619_B20230130. It has been rated as critical. This issue affects the function UploadFirmwareFile of the file /cgi-bin/cstecgi.cgi. The manipulation of the argument FileName leads to command injection. The attack may be initiated remotely. The exploit has been disclosed to the public and may be used. The identifier VDB-249857 was assigned to this vulnerability. NOTE: The vendor was contacted early about this disclosure but did not respond in any way.
CVE-2024-0305,HIGH,0,A vulnerability was found in Guangzhou Yingke Electronic Technology Ncast up to 2017 and classified as problematic. Affected by this issue is some unknown functionality of the file /manage/IPSetup.php of the component Guest Login. The manipulation leads to information disclosure. The attack may be launched remotely. The exploit has been disclosed to the public and may be used. The identifier of this vulnerability is VDB-249872.
CVE-2024-0306,HIGH,0,A vulnerability was found in Kashipara Dynamic Lab Management System up to 1.0. It has been classified as critical. This affects an unknown part of the file /admin/admin_login_process.php. The manipulation of the argument admin_password leads to sql injection. It is possible to initiate the attack remotely. The exploit has been disclosed to the public and may be used. The identifier VDB-249873 was assigned to this vulnerability.
CVE-2024-0307,HIGH,0,A vulnerability was found in Kashipara Dynamic Lab Management System up to 1.0. It has been declared as critical. This vulnerability affects unknown code of the file login_process.php. The manipulation of the argument password leads to sql injection. The attack can be initiated remotely. The exploit has been disclosed to the public and may be used. VDB-249874 is the identifier assigned to this vulnerability.
CVE-2024-0308,HIGH,0,A vulnerability was found in Inis up to 2.0.1. It has been rated as critical. This issue affects some unknown processing of the file app/api/controller/default/Proxy.php. The manipulation of the argument p_url leads to server-side request forgery. The attack may be initiated remotely. The exploit has been disclosed to the public and may be used. The associated identifier of this vulnerability is VDB-249875.
CVE-2024-0315,HIGH,0,Remote file inclusion vulnerability in FireEye Central Management affecting version 9.1.1.956704. This vulnerability allows an attacker to upload a malicious PDF file to the system during the report creation process.
CVE-2024-0316,HIGH,0,"Improper cleanup vulnerability in exceptions thrown in FireEye Endpoint Security, affecting version 5.2.0.958244. This vulnerability could allow an attacker to send multiple request packets to the containment_notify/preview parameter, which could lead to a service outage."
CVE-2024-0324,HIGH,0,"The User Profile Builder – Beautiful User Registration Forms, User Profiles & User Role Editor plugin for WordPress is vulnerable to unauthorized modification of data due to a missing capability check on the 'wppb_two_factor_authentication_settings_update' function in all versions up to, and including, 3.10.8. This makes it possible for unauthenticated attackers to enable or disable the 2FA functionality present in the Premium version of the plugin for arbitrary user roles."
CVE-2024-0325,HIGH,0,"In Helix Sync versions prior to 2024.1, a local command injection was identified.  Reported by Bryan Riggins.  
"
CVE-2024-0341,HIGH,0,A vulnerability was found in Inis up to 2.0.1. It has been rated as problematic. This issue affects some unknown processing of the file /app/api/controller/default/File.php of the component GET Request Handler. The manipulation of the argument path leads to path traversal: '../filedir'. The exploit has been disclosed to the public and may be used. The identifier VDB-250109 was assigned to this vulnerability.
CVE-2024-0353,HIGH,0,Local privilege escalation vulnerability potentially allowed an attacker to misuse ESET’s file operations to delete files without having proper permission.
CVE-2024-0354,HIGH,0,"A vulnerability, which was classified as critical, has been found in unknown-o download-station up to 1.1.8. This issue affects some unknown processing of the file index.php. The manipulation of the argument f leads to path traversal: '../filedir'. The attack may be initiated remotely. The exploit has been disclosed to the public and may be used. The identifier VDB-250121 was assigned to this vulnerability."
CVE-2024-0356,HIGH,0,A vulnerability has been found in Mandelo ssm_shiro_blog 1.0 and classified as problematic. Affected by this vulnerability is an unknown functionality of the file updateRoles of the component Backend. The manipulation leads to improper access controls. The exploit has been disclosed to the public and may be used. The associated identifier of this vulnerability is VDB-250123.
CVE-2024-0358,HIGH,0,A vulnerability was found in DeShang DSO2O up to 4.1.0. It has been classified as critical. This affects an unknown part of the file /install/install.php. The manipulation leads to improper access controls. It is possible to initiate the attack remotely. The exploit has been disclosed to the public and may be used. The identifier VDB-250125 was assigned to this vulnerability.
CVE-2024-0396,HIGH,0,"
In Progress MOVEit Transfer versions released before 2022.0.10 (14.0.10), 2022.1.11 (14.1.11), 2023.0.8 (15.0.8), 2023.1.3 (15.1.3), an input validation issue was discovered.  An authenticated user can manipulate a parameter in an HTTPS transaction.  The modified transaction could lead to computational errors within MOVEit Transfer and potentially result in a denial of service.

"
CVE-2024-0406,HIGH,0,"A flaw was discovered in the mholt/archiver package. This flaw allows an attacker to create a specially crafted tar file, which, when unpacked, may allow access to restricted files or directories. This issue can allow the creation or overwriting of files with the user's or application's privileges using the library."
CVE-2024-0409,HIGH,0,"A flaw was found in the X.Org server. The cursor code in both Xephyr and Xwayland uses the wrong type of private at creation. It uses the cursor bits type with the cursor as private, and when initiating the cursor, that overwrites the XSELINUX context."
